{
    "courses": [
        {
            "courseName": "Git e GitHub",
            "institution": "Cursa",
            "duration": "9 Horas",
            "instructor": "Tiago Matos",
            "certificate": "https://cursa.com.br/certificate/bcddf42e76",
            "conclusion": "2023"
        },
        {
            "courseName": "Microsoft Power BI Para Data Science",
            "institution": "Data Science Academy",
            "duration": "72 horas",
            "instructor": "Tiago Pereira",
            "certificate": "https://www.google.com/url?q=https://mycourse.app/L9yLW6ytaJdCgDPN7&sa=D&source=apps-viewer-frontend&ust=1691245055349114&usg=AOvVaw2mh7UjeLxVB1VlnRvtR-FF&hl=pt-BR",
            "conclusion": "2022"
        },
        {
            "courseName": "XXXXXXXXX",
            "institution": "XXXXX XXXXXXXX XXXX",
            "duration": "XX horas",
            "instructor": "XXXXXXXX XXXXX",
            "certificate": "XXXXXXXXXXXXXXXX",
            "conclusion": "2022"
        }
    ]
}
